               epoch,      train/box_loss,      train/obj_loss,      train/cls_loss,   metrics/precision,      metrics/recall,     metrics/mAP_0.5,metrics/mAP_0.5:0.95,        val/box_loss,        val/obj_loss,        val/cls_loss,               x/lr0,               x/lr1,               x/lr2
                   0,            0.061032,            0.088802,            0.043797,             0.56583,             0.41814,             0.43157,             0.18797,            0.055311,            0.053908,            0.022211,            0.003333,            0.003333,            0.070003
                   1,            0.060075,              0.0883,            0.043437,             0.52647,             0.37918,             0.38318,             0.17244,            0.055731,            0.055477,            0.025615,           0.0066662,           0.0066662,            0.040003
                   2,            0.062113,            0.089004,            0.046471,             0.46938,             0.33274,             0.32293,             0.14702,            0.057214,            0.057215,            0.029528,           0.0099987,           0.0099987,            0.010002
                   3,            0.062228,              0.0892,            0.045958,             0.47728,              0.3382,             0.33036,             0.15324,            0.056854,            0.057133,            0.029008,           0.0099978,           0.0099978,           0.0099978
                   4,            0.060795,             0.08798,            0.043619,             0.47781,             0.35938,             0.34755,             0.16163,            0.056211,             0.05672,             0.02781,           0.0099978,           0.0099978,           0.0099978
                   5,            0.060094,            0.087527,            0.042268,             0.50178,             0.36111,             0.35765,              0.1736,            0.055427,            0.056484,             0.02723,           0.0099961,           0.0099961,           0.0099961
                   6,             0.05965,             0.08704,            0.041477,             0.52736,             0.35816,             0.36645,             0.17888,            0.055132,            0.056237,            0.026718,           0.0099938,           0.0099938,           0.0099938
                   7,            0.059211,              0.0864,              0.0408,             0.51317,             0.37153,             0.37234,             0.18278,            0.054876,             0.05607,            0.026379,           0.0099911,           0.0099911,           0.0099911
                   8,            0.059072,            0.086592,            0.040352,             0.52681,             0.37046,             0.37595,             0.18572,            0.054673,            0.055971,             0.02616,           0.0099879,           0.0099879,           0.0099879
                   9,            0.058834,            0.086308,            0.039916,             0.51641,              0.3792,             0.37856,             0.18717,            0.054601,            0.055871,            0.026005,           0.0099842,           0.0099842,           0.0099842
                  10,            0.058671,            0.085995,            0.039663,             0.51413,              0.3828,             0.38063,             0.18832,            0.054563,            0.055789,             0.02587,             0.00998,             0.00998,             0.00998
                  11,            0.058566,            0.085944,            0.039335,             0.52956,             0.37741,             0.38242,             0.18936,            0.054526,            0.055728,            0.025756,           0.0099753,           0.0099753,           0.0099753
                  12,            0.058449,            0.085604,            0.039195,             0.52622,             0.38131,             0.38396,             0.19018,            0.054523,            0.055665,            0.025667,           0.0099702,           0.0099702,           0.0099702
                  13,            0.058397,            0.085832,             0.03899,             0.52334,             0.38391,             0.38508,              0.1909,            0.054502,            0.055611,            0.025593,           0.0099645,           0.0099645,           0.0099645
                  14,            0.058356,            0.085515,            0.038985,             0.52632,             0.38404,             0.38623,             0.19156,            0.054483,            0.055563,            0.025524,           0.0099584,           0.0099584,           0.0099584
                  15,            0.058256,            0.085732,            0.038717,             0.51347,             0.39231,             0.38739,             0.19209,            0.054489,            0.055513,            0.025459,           0.0099517,           0.0099517,           0.0099517
                  16,            0.058185,            0.085723,            0.038628,             0.52931,             0.38497,             0.38828,             0.19243,            0.054486,            0.055451,            0.025394,           0.0099446,           0.0099446,           0.0099446
                  17,            0.058143,            0.085644,            0.038622,             0.53575,             0.38256,             0.38908,              0.1928,            0.054509,            0.055408,            0.025336,            0.009937,            0.009937,            0.009937
                  18,            0.058111,            0.085643,            0.038456,             0.53232,             0.38497,             0.38983,             0.19298,            0.054545,            0.055366,            0.025289,           0.0099289,           0.0099289,           0.0099289
                  19,            0.058072,            0.085449,             0.03836,             0.52767,             0.38826,              0.3907,             0.19326,             0.05456,            0.055315,            0.025229,           0.0099203,           0.0099203,           0.0099203
                  20,            0.058011,            0.085364,            0.038219,             0.53187,             0.38751,             0.39153,             0.19375,            0.054564,            0.055286,            0.025173,           0.0099112,           0.0099112,           0.0099112
                  21,            0.057973,            0.085054,            0.038242,             0.52667,             0.39051,             0.39219,             0.19406,            0.054574,            0.055256,            0.025134,           0.0099017,           0.0099017,           0.0099017
                  22,            0.057879,             0.08505,            0.038098,             0.53015,             0.38918,             0.39307,             0.19457,            0.054568,             0.05523,            0.025083,           0.0098916,           0.0098916,           0.0098916
                  23,            0.057866,            0.085169,            0.038037,             0.53238,             0.38921,             0.39391,             0.19505,            0.054558,            0.055202,            0.025036,           0.0098811,           0.0098811,           0.0098811
                  24,            0.057873,            0.085168,            0.037941,             0.54503,             0.38404,             0.39455,             0.19524,             0.05457,            0.055182,            0.024995,           0.0098701,           0.0098701,           0.0098701
                  25,            0.057808,            0.085158,             0.03783,               0.544,             0.38561,             0.39515,             0.19555,            0.054578,            0.055157,            0.024959,           0.0098586,           0.0098586,           0.0098586
                  26,             0.05785,            0.085437,            0.037835,             0.54395,              0.3861,             0.39568,             0.19579,             0.05456,            0.055144,            0.024913,           0.0098467,           0.0098467,           0.0098467
                  27,            0.057825,            0.085484,            0.037835,             0.52644,              0.3955,             0.39632,             0.19624,            0.054552,            0.055129,            0.024874,           0.0098342,           0.0098342,           0.0098342
                  28,            0.057771,            0.085224,            0.037676,             0.53787,             0.39077,             0.39712,              0.1966,            0.054543,            0.055114,            0.024839,           0.0098213,           0.0098213,           0.0098213
                  29,            0.057705,             0.08521,            0.037723,             0.52938,             0.39589,             0.39743,             0.19668,            0.054561,            0.055097,            0.024793,           0.0098079,           0.0098079,           0.0098079
                  30,            0.057693,            0.084948,            0.037675,             0.53126,             0.39551,             0.39822,             0.19703,            0.054546,            0.055078,            0.024754,           0.0097941,           0.0097941,           0.0097941
                  31,            0.057747,              0.0854,            0.037476,             0.53113,             0.39628,             0.39895,             0.19781,            0.054488,            0.055069,            0.024718,           0.0097798,           0.0097798,           0.0097798
                  32,            0.057588,            0.085077,            0.037521,             0.54021,              0.3927,             0.39988,             0.19827,            0.054473,            0.055053,            0.024673,            0.009765,            0.009765,            0.009765
                  33,            0.057611,            0.085182,            0.037468,             0.53277,             0.39713,             0.40058,              0.1985,             0.05445,            0.055039,            0.024621,           0.0097497,           0.0097497,           0.0097497
                  34,            0.057594,            0.085047,            0.037409,             0.53828,             0.39512,             0.40119,             0.19878,            0.054447,            0.055029,             0.02458,            0.009734,            0.009734,            0.009734
                  35,            0.057458,            0.084693,            0.037319,             0.53592,             0.39718,             0.40188,             0.19914,            0.054421,            0.055014,            0.024541,           0.0097178,           0.0097178,           0.0097178
                  36,            0.057518,            0.085034,            0.037338,             0.54129,             0.39494,             0.40245,              0.1993,            0.054445,            0.054994,            0.024502,           0.0097011,           0.0097011,           0.0097011
                  37,            0.057454,            0.084914,            0.037223,             0.54172,             0.39582,             0.40317,             0.19957,            0.054436,            0.054975,            0.024465,            0.009684,            0.009684,            0.009684
                  38,            0.057439,            0.084732,            0.037166,             0.54667,             0.39368,              0.4036,             0.19993,             0.05442,            0.054971,            0.024439,           0.0096664,           0.0096664,           0.0096664
                  39,            0.057454,            0.084769,            0.037118,             0.54984,             0.39344,             0.40441,             0.20071,            0.054354,            0.054964,            0.024405,           0.0096484,           0.0096484,           0.0096484
                  40,            0.057401,            0.084523,             0.03709,             0.54432,             0.39674,             0.40505,             0.20124,            0.054321,            0.054947,             0.02437,           0.0096299,           0.0096299,           0.0096299
                  41,            0.057392,            0.084786,            0.037037,             0.54417,             0.39761,             0.40548,             0.20165,            0.054295,            0.054933,            0.024344,            0.009611,            0.009611,            0.009611
                  42,            0.057425,            0.084558,            0.037153,             0.54625,             0.39724,             0.40613,             0.20209,            0.054253,            0.054925,            0.024314,           0.0095916,           0.0095916,           0.0095916
                  43,            0.057336,            0.084803,            0.036898,             0.54999,             0.39599,             0.40655,             0.20201,            0.054262,            0.054914,            0.024274,           0.0095717,           0.0095717,           0.0095717
                  44,             0.05732,            0.084805,            0.036951,             0.56327,             0.39038,             0.40704,             0.20209,            0.054269,            0.054896,            0.024242,           0.0095514,           0.0095514,           0.0095514
                  45,            0.057326,            0.084803,             0.03699,             0.54588,             0.39929,              0.4074,             0.20229,            0.054256,            0.054889,            0.024208,           0.0095307,           0.0095307,           0.0095307
                  46,            0.057297,            0.084778,            0.036886,             0.54644,             0.39983,             0.40766,              0.2024,            0.054265,            0.054878,            0.024189,           0.0095095,           0.0095095,           0.0095095
                  47,            0.057294,            0.084645,            0.036879,             0.54182,             0.40203,             0.40826,             0.20278,            0.054268,            0.054861,            0.024166,           0.0094879,           0.0094879,           0.0094879
                  48,            0.057278,            0.084559,            0.036756,             0.54562,             0.40067,              0.4088,             0.20325,            0.054246,            0.054854,             0.02414,           0.0094659,           0.0094659,           0.0094659
                  49,            0.057223,            0.084271,            0.036825,             0.53675,             0.40583,             0.40941,              0.2039,            0.054209,             0.05485,             0.02411,           0.0094434,           0.0094434,           0.0094434
                  50,            0.057175,            0.084289,             0.03674,              0.5614,             0.39417,             0.40993,             0.20434,            0.054165,            0.054844,            0.024076,           0.0094205,           0.0094205,           0.0094205
                  51,             0.05719,            0.084452,            0.036672,             0.55801,             0.39651,             0.41044,             0.20485,            0.054135,            0.054839,            0.024051,           0.0093971,           0.0093971,           0.0093971
                  52,            0.057192,             0.08449,            0.036623,             0.54917,              0.4017,             0.41087,             0.20532,            0.054101,            0.054836,             0.02402,           0.0093733,           0.0093733,           0.0093733
                  53,            0.057115,             0.08445,            0.036521,             0.54831,             0.40297,             0.41135,             0.20549,            0.054089,             0.05483,            0.024002,           0.0093491,           0.0093491,           0.0093491
                  54,            0.057189,            0.084683,            0.036524,             0.55197,              0.4013,             0.41167,             0.20576,            0.054082,            0.054829,            0.023983,           0.0093245,           0.0093245,           0.0093245
                  55,            0.057169,            0.084834,            0.036609,             0.55148,             0.40258,              0.4121,             0.20604,            0.054056,             0.05482,            0.023957,           0.0092995,           0.0092995,           0.0092995
                  56,            0.057058,            0.084423,            0.036685,             0.55341,             0.40234,             0.41246,             0.20624,            0.054052,            0.054809,            0.023938,            0.009274,            0.009274,            0.009274
                  57,            0.057117,            0.084851,            0.036452,             0.55403,             0.40257,               0.413,             0.20633,            0.054062,            0.054792,            0.023909,           0.0092481,           0.0092481,           0.0092481
                  58,            0.057087,            0.084232,            0.036465,              0.5471,             0.40672,             0.41328,             0.20623,            0.054073,            0.054788,            0.023886,           0.0092219,           0.0092219,           0.0092219
                  59,             0.05706,            0.084342,            0.036535,             0.54849,             0.40594,             0.41377,             0.20668,            0.054042,            0.054793,            0.023867,           0.0091952,           0.0091952,           0.0091952
                  60,             0.05702,            0.084457,            0.036275,             0.54269,             0.40973,             0.41418,             0.20711,            0.054048,            0.054785,             0.02385,           0.0091681,           0.0091681,           0.0091681
                  61,            0.057032,             0.08455,            0.036303,             0.53729,             0.41354,             0.41483,             0.20747,            0.054039,            0.054777,            0.023835,           0.0091406,           0.0091406,           0.0091406
                  62,            0.057022,            0.084718,            0.036371,             0.55691,             0.40456,             0.41545,             0.20781,            0.054003,            0.054769,            0.023813,           0.0091127,           0.0091127,           0.0091127
                  63,            0.056951,            0.084118,            0.036411,             0.55286,             0.40718,             0.41612,             0.20835,            0.053955,            0.054762,            0.023788,           0.0090844,           0.0090844,           0.0090844
                  64,            0.056953,            0.084465,            0.036242,             0.55363,             0.40793,             0.41655,             0.20876,            0.053929,            0.054746,            0.023764,           0.0090557,           0.0090557,           0.0090557
                  65,            0.056897,            0.084569,             0.03617,             0.55931,             0.40543,             0.41714,             0.20949,            0.053859,            0.054737,            0.023741,           0.0090266,           0.0090266,           0.0090266
                  66,            0.056873,            0.084232,            0.036053,             0.56085,             0.40529,             0.41742,             0.20945,             0.05387,            0.054725,            0.023712,           0.0089972,           0.0089972,           0.0089972
                  67,            0.056929,            0.084454,            0.036175,             0.56067,             0.40591,             0.41788,             0.20985,            0.053847,            0.054723,            0.023688,           0.0089673,           0.0089673,           0.0089673
                  68,             0.05694,            0.084286,             0.03596,             0.56018,              0.4064,             0.41817,             0.21007,            0.053804,             0.05473,            0.023672,           0.0089371,           0.0089371,           0.0089371
                  69,            0.056842,             0.08423,            0.036173,             0.55808,             0.40728,             0.41865,             0.21029,            0.053795,            0.054724,             0.02365,           0.0089065,           0.0089065,           0.0089065
                  70,            0.056887,            0.084624,            0.036066,             0.56167,             0.40591,              0.4188,             0.21051,            0.053795,            0.054714,            0.023631,           0.0088755,           0.0088755,           0.0088755
                  71,            0.056784,            0.084139,            0.035971,             0.55541,              0.4097,             0.41921,              0.2109,            0.053777,            0.054706,            0.023614,           0.0088442,           0.0088442,           0.0088442
                  72,            0.056818,            0.084054,             0.03598,             0.56166,              0.4074,              0.4198,             0.21126,            0.053749,            0.054689,            0.023585,           0.0088124,           0.0088124,           0.0088124
                  73,            0.056732,            0.084153,             0.03587,             0.55829,             0.40938,             0.42019,             0.21137,            0.053742,            0.054686,            0.023562,           0.0087804,           0.0087804,           0.0087804
                  74,             0.05674,            0.084098,            0.035891,             0.55775,             0.40978,             0.42027,             0.21154,             0.05372,            0.054687,            0.023544,           0.0087479,           0.0087479,           0.0087479
                  75,            0.056814,            0.084209,            0.035805,             0.55096,             0.41338,             0.42064,             0.21192,            0.053703,            0.054695,            0.023526,           0.0087151,           0.0087151,           0.0087151
                  76,            0.056687,            0.083921,             0.03582,             0.56228,             0.40836,             0.42064,             0.21174,             0.05373,            0.054689,            0.023509,            0.008682,            0.008682,            0.008682
                  77,            0.056783,            0.084343,            0.035705,             0.56852,             0.40549,              0.4209,             0.21188,            0.053713,            0.054685,            0.023487,           0.0086485,           0.0086485,           0.0086485
                  78,            0.056697,            0.084156,            0.035757,             0.56544,              0.4074,             0.42129,             0.21207,             0.05372,            0.054667,            0.023463,           0.0086146,           0.0086146,           0.0086146
                  79,            0.056622,            0.084284,            0.035634,             0.55859,              0.4114,             0.42153,             0.21237,             0.05371,            0.054654,            0.023452,           0.0085805,           0.0085805,           0.0085805
                  80,             0.05662,            0.084172,            0.035695,              0.5605,             0.41032,             0.42204,              0.2129,            0.053667,            0.054651,            0.023425,           0.0085459,           0.0085459,           0.0085459
                  81,            0.056639,            0.084295,            0.035644,             0.56616,             0.40846,             0.42261,              0.2134,            0.053636,            0.054643,            0.023403,           0.0085111,           0.0085111,           0.0085111
                  82,            0.056547,            0.083728,            0.035602,             0.55804,             0.41304,             0.42307,             0.21348,            0.053634,             0.05463,            0.023384,           0.0084759,           0.0084759,           0.0084759
                  83,            0.056595,            0.084077,            0.035697,             0.56241,              0.4108,             0.42338,             0.21378,            0.053591,            0.054632,            0.023373,           0.0084404,           0.0084404,           0.0084404
                  84,            0.056521,            0.084046,            0.035552,             0.55545,             0.41438,             0.42347,             0.21404,             0.05358,            0.054626,            0.023359,           0.0084046,           0.0084046,           0.0084046
                  85,            0.056538,            0.083959,            0.035436,             0.55524,             0.41446,             0.42367,             0.21401,            0.053581,            0.054613,            0.023341,           0.0083684,           0.0083684,           0.0083684
                  86,            0.056487,            0.084461,            0.035455,             0.56438,             0.41038,             0.42405,             0.21418,            0.053553,            0.054606,            0.023323,           0.0083319,           0.0083319,           0.0083319
                  87,            0.056502,              0.0839,            0.035522,             0.56927,             0.40857,             0.42446,             0.21439,             0.05355,            0.054598,              0.0233,           0.0082952,           0.0082952,           0.0082952
                  88,            0.056472,            0.083949,            0.035435,             0.56366,             0.41159,             0.42475,             0.21472,            0.053535,            0.054599,            0.023288,           0.0082581,           0.0082581,           0.0082581
                  89,            0.056418,             0.08372,            0.035395,             0.55448,              0.4163,             0.42505,             0.21478,            0.053535,            0.054596,             0.02327,           0.0082207,           0.0082207,           0.0082207
                  90,            0.056443,            0.083931,            0.035235,             0.55853,              0.4144,             0.42534,             0.21533,            0.053491,            0.054589,            0.023242,            0.008183,            0.008183,            0.008183
                  91,            0.056403,            0.083907,            0.035354,             0.55769,             0.41584,             0.42578,             0.21563,            0.053475,            0.054575,            0.023219,            0.008145,            0.008145,            0.008145
                  92,            0.056365,             0.08369,            0.035246,             0.56979,             0.41011,             0.42605,             0.21585,            0.053473,            0.054562,            0.023199,           0.0081068,           0.0081068,           0.0081068
                  93,            0.056461,            0.084136,            0.035141,             0.55881,              0.4164,             0.42653,             0.21624,            0.053441,            0.054561,            0.023187,           0.0080682,           0.0080682,           0.0080682
                  94,            0.056296,            0.083825,            0.035194,             0.55189,             0.42021,              0.4269,             0.21617,             0.05344,            0.054559,            0.023169,           0.0080294,           0.0080294,           0.0080294
                  95,            0.056322,            0.083946,            0.035128,             0.55851,             0.41712,             0.42714,             0.21632,            0.053438,            0.054556,            0.023145,           0.0079903,           0.0079903,           0.0079903
                  96,            0.056286,            0.083833,            0.035149,             0.56325,             0.41486,             0.42708,             0.21646,            0.053427,             0.05454,            0.023123,           0.0079509,           0.0079509,           0.0079509
                  97,            0.056178,            0.083486,             0.03509,             0.56329,             0.41516,             0.42732,             0.21674,            0.053407,            0.054531,            0.023105,           0.0079112,           0.0079112,           0.0079112
                  98,            0.056247,            0.083822,             0.03508,             0.56275,             0.41566,             0.42767,             0.21719,            0.053369,             0.05453,            0.023093,           0.0078713,           0.0078713,           0.0078713
                  99,            0.056135,            0.083685,            0.034851,             0.55903,             0.41803,             0.42808,             0.21742,            0.053356,            0.054514,            0.023069,           0.0078311,           0.0078311,           0.0078311
                 100,             0.05615,            0.083516,             0.03494,             0.56332,             0.41629,             0.42822,             0.21767,            0.053344,            0.054499,            0.023053,           0.0077907,           0.0077907,           0.0077907
                 101,            0.056156,            0.083589,            0.034851,             0.56934,             0.41408,             0.42853,             0.21821,            0.053309,            0.054496,            0.023033,             0.00775,             0.00775,             0.00775
                 102,            0.056114,            0.083295,            0.034797,             0.56318,             0.41791,             0.42915,             0.21872,            0.053286,            0.054478,            0.023012,           0.0077091,           0.0077091,           0.0077091
                 103,            0.056134,            0.083629,            0.034834,             0.56645,             0.41636,             0.42958,             0.21918,             0.05326,            0.054473,            0.022992,           0.0076679,           0.0076679,           0.0076679
                 104,            0.056151,            0.083414,            0.034889,             0.56687,             0.41662,             0.42986,             0.21958,            0.053222,            0.054469,            0.022971,           0.0076265,           0.0076265,           0.0076265
                 105,            0.056091,            0.083613,            0.034645,             0.58125,             0.41014,             0.43029,             0.21993,            0.053193,             0.05446,            0.022946,           0.0075848,           0.0075848,           0.0075848
                 106,            0.056063,            0.083616,            0.034723,              0.5773,             0.41234,             0.43058,              0.2198,            0.053237,            0.054443,            0.022918,            0.007543,            0.007543,            0.007543
                 107,            0.055999,            0.083568,            0.034661,             0.57223,             0.41538,             0.43094,             0.21983,            0.053245,            0.054441,            0.022896,           0.0075009,           0.0075009,           0.0075009
                 108,            0.056011,            0.083613,            0.034603,             0.56677,             0.41857,             0.43114,             0.21995,            0.053245,             0.05443,            0.022876,           0.0074585,           0.0074585,           0.0074585
                 109,            0.056023,            0.083475,            0.034608,             0.57499,             0.41487,             0.43175,             0.22029,            0.053239,            0.054419,             0.02285,            0.007416,            0.007416,            0.007416
                 110,            0.055966,            0.083377,            0.034504,             0.57041,             0.41719,              0.4318,             0.22049,            0.053213,            0.054417,            0.022837,           0.0073733,           0.0073733,           0.0073733
                 111,            0.055914,            0.083072,            0.034438,             0.57418,             0.41587,             0.43214,             0.22089,            0.053184,            0.054412,            0.022813,           0.0073303,           0.0073303,           0.0073303
                 112,            0.055918,            0.083155,            0.034559,             0.56952,             0.41839,              0.4323,             0.22121,            0.053158,            0.054415,            0.022799,           0.0072872,           0.0072872,           0.0072872
                 113,            0.055857,            0.083247,            0.034408,              0.5634,             0.42162,             0.43264,             0.22153,            0.053126,            0.054414,            0.022779,           0.0072438,           0.0072438,           0.0072438
                 114,            0.055886,            0.083302,            0.034378,             0.56457,             0.42177,              0.4331,             0.22192,            0.053092,            0.054407,            0.022758,           0.0072003,           0.0072003,           0.0072003
                 115,             0.05583,            0.083278,            0.034333,             0.57132,             0.41893,             0.43364,             0.22213,             0.05309,            0.054397,             0.02274,           0.0071566,           0.0071566,           0.0071566
                 116,            0.055878,            0.083523,            0.034302,             0.57388,             0.41779,              0.4339,             0.22185,            0.053123,            0.054383,            0.022719,           0.0071127,           0.0071127,           0.0071127
                 117,            0.055877,            0.083648,            0.034402,             0.58407,             0.41383,             0.43425,             0.22209,            0.053124,             0.05437,            0.022702,           0.0070686,           0.0070686,           0.0070686
                 118,            0.055709,             0.08322,            0.034377,             0.57595,             0.41808,             0.43432,             0.22202,            0.053139,            0.054359,            0.022686,           0.0070243,           0.0070243,           0.0070243
                 119,            0.055763,            0.083637,            0.034201,             0.57219,             0.42002,             0.43454,             0.22206,            0.053141,            0.054344,            0.022661,           0.0069799,           0.0069799,           0.0069799
                 120,            0.055729,            0.083051,            0.034113,             0.57418,             0.41968,              0.4349,             0.22232,            0.053124,            0.054327,            0.022639,           0.0069353,           0.0069353,           0.0069353
                 121,            0.055715,            0.083141,            0.034228,             0.57142,             0.42183,             0.43521,             0.22265,            0.053082,             0.05433,            0.022621,           0.0068906,           0.0068906,           0.0068906
                 122,            0.055682,            0.083213,            0.033979,             0.57518,             0.42068,             0.43575,               0.223,            0.053072,            0.054324,            0.022612,           0.0068457,           0.0068457,           0.0068457
                 123,            0.055692,            0.083308,            0.033997,             0.57491,             0.42097,             0.43591,             0.22319,            0.053082,            0.054315,            0.022596,           0.0068006,           0.0068006,           0.0068006
                 124,            0.055664,             0.08347,            0.034043,             0.56987,               0.423,             0.43625,             0.22371,            0.053049,            0.054308,            0.022578,           0.0067555,           0.0067555,           0.0067555
                 125,             0.05557,            0.082914,            0.034083,             0.57248,             0.42249,             0.43691,             0.22435,            0.053001,            0.054306,            0.022561,           0.0067101,           0.0067101,           0.0067101
                 126,            0.055608,            0.083242,            0.033996,             0.57501,             0.42145,             0.43724,             0.22441,            0.053005,            0.054292,            0.022543,           0.0066647,           0.0066647,           0.0066647
                 127,            0.055543,            0.083357,            0.033859,             0.57275,             0.42291,             0.43746,             0.22436,             0.05302,            0.054289,            0.022517,           0.0066191,           0.0066191,           0.0066191
                 128,             0.05552,            0.083018,            0.033741,             0.57613,             0.42177,             0.43785,             0.22431,            0.053022,            0.054283,            0.022498,           0.0065734,           0.0065734,           0.0065734
                 129,            0.055581,            0.083213,            0.033892,             0.57239,             0.42409,             0.43803,             0.22423,            0.053026,             0.05428,            0.022482,           0.0065276,           0.0065276,           0.0065276
                 130,             0.05555,            0.083062,            0.033649,             0.57108,             0.42518,             0.43829,             0.22431,            0.053015,            0.054277,            0.022454,           0.0064816,           0.0064816,           0.0064816
                 131,            0.055462,            0.082966,            0.033804,             0.57559,              0.4234,             0.43866,             0.22481,            0.052996,             0.05427,            0.022435,           0.0064356,           0.0064356,           0.0064356
                 132,            0.055461,            0.083361,            0.033657,             0.58321,             0.41998,             0.43912,             0.22529,            0.052969,            0.054251,            0.022404,           0.0063895,           0.0063895,           0.0063895
                 133,            0.055394,            0.082927,            0.033669,             0.57694,             0.42377,             0.43977,             0.22568,            0.052933,            0.054249,            0.022377,           0.0063432,           0.0063432,           0.0063432
                 134,            0.055418,            0.082814,             0.03359,             0.57689,             0.42421,             0.44047,             0.22617,            0.052909,            0.054232,            0.022352,           0.0062969,           0.0062969,           0.0062969
                 135,            0.055355,            0.082938,            0.033556,             0.57214,             0.42663,             0.44076,             0.22619,            0.052924,            0.054224,             0.02234,           0.0062505,           0.0062505,           0.0062505
                 136,            0.055304,            0.082805,            0.033491,             0.58113,             0.42223,             0.44086,             0.22626,            0.052921,            0.054219,            0.022327,            0.006204,            0.006204,            0.006204
                 137,            0.055355,            0.082897,            0.033411,             0.57497,             0.42605,             0.44126,             0.22664,            0.052905,            0.054208,            0.022307,           0.0061574,           0.0061574,           0.0061574
                 138,             0.05526,            0.082646,            0.033445,             0.58645,             0.42075,             0.44163,             0.22657,            0.052924,            0.054198,            0.022285,           0.0061107,           0.0061107,           0.0061107
                 139,            0.055322,            0.083084,            0.033245,             0.58484,             0.42209,             0.44186,             0.22674,            0.052889,            0.054197,             0.02227,            0.006064,            0.006064,            0.006064
                 140,            0.055252,            0.082837,            0.033303,             0.58106,             0.42485,             0.44252,             0.22716,            0.052856,            0.054183,             0.02225,           0.0060172,           0.0060172,           0.0060172
                 141,            0.055195,            0.083004,            0.033218,             0.58956,             0.42061,             0.44293,             0.22781,            0.052796,            0.054172,            0.022235,           0.0059704,           0.0059704,           0.0059704
                 142,            0.055189,            0.082874,             0.03323,             0.58258,              0.4241,             0.44314,             0.22825,            0.052767,             0.05417,            0.022212,           0.0059235,           0.0059235,           0.0059235
                 143,            0.055155,            0.082979,            0.033163,             0.59179,             0.41914,             0.44325,             0.22849,            0.052763,            0.054169,            0.022193,           0.0058766,           0.0058766,           0.0058766
                 144,            0.055078,            0.082444,            0.033168,             0.57809,             0.42638,             0.44348,              0.2286,            0.052755,            0.054159,            0.022176,           0.0058296,           0.0058296,           0.0058296
                 145,            0.055088,            0.082768,            0.033168,             0.58083,             0.42531,             0.44395,             0.22913,            0.052723,            0.054153,             0.02217,           0.0057826,           0.0057826,           0.0057826
                 146,            0.055019,             0.08273,            0.032992,             0.57467,             0.42894,             0.44415,             0.22934,            0.052708,            0.054143,             0.02215,           0.0057355,           0.0057355,           0.0057355
                 147,            0.055011,            0.082611,             0.03297,             0.57446,             0.43027,             0.44457,              0.2297,            0.052683,            0.054124,            0.022127,           0.0056884,           0.0056884,           0.0056884
                 148,            0.054989,            0.083094,            0.032908,             0.57947,             0.42824,             0.44493,             0.22997,            0.052655,            0.054112,            0.022105,           0.0056413,           0.0056413,           0.0056413
                 149,            0.055007,            0.082535,             0.03302,               0.576,             0.43031,             0.44535,             0.22994,            0.052665,            0.054101,            0.022082,           0.0055942,           0.0055942,           0.0055942
                 150,            0.054922,            0.082575,            0.032812,             0.58283,             0.42732,             0.44546,             0.23004,            0.052663,            0.054096,            0.022062,           0.0055471,           0.0055471,           0.0055471
                 151,            0.054892,            0.082393,            0.032848,             0.58597,             0.42686,             0.44579,              0.2303,            0.052651,            0.054094,            0.022048,              0.0055,              0.0055,              0.0055
                 152,            0.054914,            0.082631,            0.032803,              0.5888,             0.42565,             0.44637,             0.23071,            0.052642,            0.054092,            0.022031,           0.0054529,           0.0054529,           0.0054529
                 153,            0.054867,            0.082727,            0.032752,             0.58519,             0.42773,             0.44671,             0.23069,            0.052637,            0.054095,            0.022012,           0.0054058,           0.0054058,           0.0054058
                 154,            0.054876,             0.08262,            0.032719,             0.58293,             0.42966,             0.44709,             0.23079,            0.052635,            0.054088,            0.021992,           0.0053587,           0.0053587,           0.0053587
                 155,            0.054836,             0.08254,             0.03256,             0.57993,             0.43156,             0.44739,             0.23116,            0.052576,            0.054078,            0.021969,           0.0053116,           0.0053116,           0.0053116
                 156,            0.054781,            0.082043,            0.032754,             0.57964,             0.43195,             0.44784,              0.2318,            0.052539,            0.054071,            0.021947,           0.0052645,           0.0052645,           0.0052645
                 157,            0.054751,            0.082491,            0.032638,             0.58612,             0.42864,             0.44809,             0.23213,            0.052513,            0.054074,            0.021926,           0.0052174,           0.0052174,           0.0052174
                 158,            0.054697,            0.082366,            0.032625,             0.58777,             0.42863,             0.44857,             0.23251,            0.052488,            0.054069,            0.021901,           0.0051704,           0.0051704,           0.0051704
                 159,            0.054707,            0.082354,            0.032502,             0.59222,             0.42742,             0.44907,             0.23324,             0.05243,             0.05406,            0.021874,           0.0051234,           0.0051234,           0.0051234
                 160,            0.054633,            0.082258,            0.032341,             0.59441,             0.42641,             0.44953,             0.23374,            0.052409,             0.05405,            0.021849,           0.0050765,           0.0050765,           0.0050765
                 161,            0.054551,             0.08201,            0.032333,             0.58674,             0.43033,             0.44984,             0.23403,            0.052392,            0.054043,            0.021827,           0.0050296,           0.0050296,           0.0050296
                 162,            0.054616,            0.082581,            0.032346,             0.58687,             0.43131,             0.45033,             0.23423,            0.052378,            0.054034,            0.021803,           0.0049828,           0.0049828,           0.0049828
                 163,             0.05453,            0.082124,            0.032223,             0.58698,             0.43207,             0.45075,             0.23475,            0.052366,            0.054022,            0.021783,            0.004936,            0.004936,            0.004936
                 164,            0.054517,            0.082301,            0.032197,             0.59486,             0.42942,             0.45139,             0.23466,            0.052389,            0.054008,            0.021755,           0.0048893,           0.0048893,           0.0048893
                 165,            0.054461,            0.081879,            0.032185,             0.58051,             0.43648,             0.45159,             0.23463,            0.052403,             0.05399,            0.021725,           0.0048426,           0.0048426,           0.0048426
                 166,            0.054465,            0.082467,            0.032141,              0.6057,             0.42413,             0.45189,             0.23465,            0.052406,            0.053986,            0.021707,            0.004796,            0.004796,            0.004796
                 167,            0.054492,            0.082174,            0.032096,                0.59,             0.43178,             0.45193,              0.2347,            0.052413,            0.053982,            0.021689,           0.0047495,           0.0047495,           0.0047495
                 168,            0.054416,            0.082026,            0.032017,              0.5942,             0.43049,             0.45227,             0.23493,            0.052385,            0.053966,            0.021669,           0.0047031,           0.0047031,           0.0047031
                 169,            0.054434,            0.082126,            0.032058,             0.59728,             0.42956,             0.45271,             0.23519,            0.052371,            0.053945,            0.021645,           0.0046568,           0.0046568,           0.0046568
                 170,            0.054374,            0.081963,            0.031933,             0.58701,              0.4349,             0.45314,              0.2355,             0.05236,            0.053934,            0.021626,           0.0046105,           0.0046105,           0.0046105
                 171,            0.054256,            0.081953,            0.031857,             0.58803,             0.43525,             0.45351,             0.23569,            0.052362,            0.053933,            0.021606,           0.0045644,           0.0045644,           0.0045644
                 172,             0.05434,            0.082374,            0.031894,             0.59012,             0.43443,             0.45393,             0.23607,            0.052336,            0.053931,            0.021589,           0.0045184,           0.0045184,           0.0045184
                 173,            0.054305,            0.082034,            0.031822,             0.58319,             0.43844,             0.45434,             0.23643,            0.052302,            0.053919,            0.021563,           0.0044724,           0.0044724,           0.0044724
                 174,            0.054224,            0.081958,            0.031878,              0.5807,             0.44036,             0.45478,              0.2366,            0.052301,            0.053908,            0.021543,           0.0044266,           0.0044266,           0.0044266
                 175,            0.054193,            0.081935,            0.031625,             0.57837,             0.44176,             0.45512,             0.23692,            0.052273,             0.05389,            0.021527,           0.0043809,           0.0043809,           0.0043809
                 176,            0.054168,            0.081511,             0.03157,             0.59113,             0.43573,             0.45568,             0.23737,            0.052239,            0.053878,            0.021503,           0.0043353,           0.0043353,           0.0043353
                 177,            0.054125,            0.081723,            0.031723,             0.58985,             0.43602,             0.45594,             0.23764,            0.052241,            0.053859,            0.021486,           0.0042899,           0.0042899,           0.0042899
                 178,            0.054032,            0.081722,            0.031697,             0.60006,             0.43124,             0.45615,              0.2376,            0.052244,            0.053851,            0.021474,           0.0042445,           0.0042445,           0.0042445
                 179,            0.054047,            0.081937,            0.031528,              0.5792,             0.44307,             0.45659,             0.23793,            0.052217,            0.053841,            0.021454,           0.0041994,           0.0041994,           0.0041994
                 180,            0.054027,            0.081726,            0.031439,             0.59434,             0.43544,             0.45709,              0.2385,            0.052189,             0.05383,            0.021436,           0.0041543,           0.0041543,           0.0041543
                 181,            0.053941,            0.081486,            0.031376,             0.58614,              0.4401,              0.4575,             0.23877,             0.05217,             0.05382,            0.021419,           0.0041094,           0.0041094,           0.0041094
                 182,            0.053969,            0.081816,            0.031307,             0.58692,             0.44025,             0.45767,             0.23906,            0.052153,            0.053804,            0.021397,           0.0040647,           0.0040647,           0.0040647
                 183,            0.053969,            0.081852,            0.031285,             0.57957,             0.44487,             0.45815,              0.2393,            0.052129,             0.05379,            0.021375,           0.0040201,           0.0040201,           0.0040201
                 184,            0.053891,            0.081765,            0.031281,             0.58212,             0.44347,             0.45852,             0.24015,            0.052071,            0.053772,            0.021352,           0.0039757,           0.0039757,           0.0039757
                 185,            0.053963,            0.081674,            0.031242,             0.59156,             0.43842,             0.45915,             0.24066,            0.052058,            0.053762,            0.021331,           0.0039314,           0.0039314,           0.0039314
                 186,            0.053827,            0.081439,            0.031145,             0.58674,             0.44147,             0.45952,             0.24094,            0.052047,            0.053754,            0.021319,           0.0038873,           0.0038873,           0.0038873
                 187,            0.053796,            0.081672,            0.031061,             0.57922,             0.44614,             0.45986,             0.24113,            0.052038,            0.053741,            0.021297,           0.0038434,           0.0038434,           0.0038434
                 188,            0.053743,            0.081529,            0.031025,             0.57983,             0.44637,             0.46015,             0.24145,            0.052003,            0.053735,            0.021277,           0.0037997,           0.0037997,           0.0037997
                 189,            0.053701,            0.081571,            0.031139,             0.59981,             0.43683,             0.46026,             0.24143,            0.052003,            0.053729,            0.021262,           0.0037562,           0.0037562,           0.0037562
                 190,            0.053815,            0.081831,            0.030928,             0.60465,             0.43475,             0.46053,              0.2414,            0.052023,            0.053723,            0.021247,           0.0037128,           0.0037128,           0.0037128
                 191,            0.053623,            0.081243,            0.030812,             0.60104,             0.43722,             0.46085,             0.24169,            0.051996,            0.053717,            0.021224,           0.0036697,           0.0036697,           0.0036697
                 192,            0.053692,             0.08134,            0.030769,             0.58907,              0.4432,             0.46094,             0.24197,             0.05199,            0.053708,            0.021203,           0.0036267,           0.0036267,           0.0036267
                 193,            0.053621,            0.081625,            0.030725,             0.59291,             0.44129,             0.46113,             0.24243,            0.051948,            0.053693,            0.021187,            0.003584,            0.003584,            0.003584
                 194,            0.053561,            0.081572,            0.030651,             0.59632,             0.43961,             0.46149,             0.24272,            0.051929,            0.053684,            0.021165,           0.0035415,           0.0035415,           0.0035415
                 195,            0.053552,            0.081341,            0.030717,             0.60638,             0.43509,             0.46169,             0.24313,            0.051895,            0.053679,            0.021141,           0.0034991,           0.0034991,           0.0034991
                 196,            0.053498,             0.08108,            0.030552,             0.60216,             0.43751,             0.46205,             0.24324,            0.051911,            0.053666,            0.021126,            0.003457,            0.003457,            0.003457
                 197,            0.053403,            0.081405,            0.030488,             0.60226,             0.43814,             0.46265,             0.24391,            0.051866,            0.053651,            0.021105,           0.0034152,           0.0034152,           0.0034152
                 198,            0.053384,            0.081022,             0.03053,              0.6055,             0.43729,             0.46309,             0.24404,            0.051881,             0.05365,            0.021077,           0.0033735,           0.0033735,           0.0033735
                 199,            0.053399,            0.080912,            0.030442,             0.59572,             0.44234,             0.46331,             0.24418,            0.051873,            0.053647,            0.021054,           0.0033321,           0.0033321,           0.0033321
                 200,            0.053355,            0.081112,            0.030367,             0.59722,             0.44164,             0.46349,             0.24437,             0.05187,            0.053641,            0.021031,           0.0032909,           0.0032909,           0.0032909
                 201,            0.053346,            0.080819,            0.030322,             0.59011,             0.44528,             0.46375,              0.2447,            0.051842,            0.053636,            0.021008,             0.00325,             0.00325,             0.00325
                 202,            0.053243,            0.080873,            0.030325,             0.60509,             0.43799,             0.46402,             0.24509,            0.051809,            0.053627,             0.02099,           0.0032093,           0.0032093,           0.0032093
                 203,            0.053292,             0.08122,            0.030356,             0.60605,             0.43803,             0.46443,             0.24539,            0.051792,            0.053618,            0.020977,           0.0031689,           0.0031689,           0.0031689
                 204,            0.053196,            0.080994,            0.030127,             0.60482,             0.43906,             0.46464,             0.24553,            0.051781,            0.053607,            0.020964,           0.0031287,           0.0031287,           0.0031287
                 205,            0.053172,            0.081258,            0.030187,             0.60255,             0.44089,             0.46479,             0.24564,            0.051754,            0.053602,             0.02095,           0.0030888,           0.0030888,           0.0030888
                 206,            0.053146,            0.080802,            0.030136,             0.60941,             0.43787,              0.4652,             0.24608,            0.051727,            0.053589,             0.02093,           0.0030491,           0.0030491,           0.0030491
                 207,            0.053076,            0.081137,            0.030061,             0.58979,             0.44847,             0.46574,              0.2464,            0.051708,            0.053567,            0.020903,           0.0030097,           0.0030097,           0.0030097
                 208,            0.053117,            0.081129,            0.029996,             0.59364,             0.44688,             0.46626,             0.24662,            0.051708,            0.053556,            0.020881,           0.0029706,           0.0029706,           0.0029706
                 209,             0.05307,            0.080803,            0.029937,             0.59565,             0.44613,             0.46647,             0.24712,            0.051678,            0.053532,            0.020862,           0.0029318,           0.0029318,           0.0029318
                 210,            0.052981,            0.080821,            0.029826,             0.59974,             0.44443,             0.46657,             0.24739,            0.051669,            0.053531,            0.020843,           0.0028932,           0.0028932,           0.0028932
                 211,            0.053044,            0.080733,            0.029782,             0.60329,             0.44309,             0.46685,             0.24749,             0.05165,            0.053523,            0.020829,            0.002855,            0.002855,            0.002855
                 212,            0.052899,            0.080792,            0.029812,             0.60094,             0.44499,              0.4674,             0.24788,            0.051622,            0.053507,            0.020808,            0.002817,            0.002817,            0.002817
                 213,            0.052905,            0.080782,            0.029509,             0.59751,             0.44755,             0.46782,             0.24834,            0.051588,            0.053497,            0.020787,           0.0027793,           0.0027793,           0.0027793
                 214,            0.052983,             0.08089,            0.029632,             0.60935,             0.44203,             0.46837,             0.24894,            0.051552,            0.053482,            0.020763,           0.0027419,           0.0027419,           0.0027419
                 215,            0.052795,            0.080579,            0.029594,             0.60548,             0.44419,             0.46892,             0.24912,            0.051565,            0.053467,            0.020746,           0.0027048,           0.0027048,           0.0027048
                 216,            0.052774,            0.080635,            0.029428,             0.60888,             0.44293,             0.46909,             0.24919,            0.051547,            0.053449,            0.020734,           0.0026681,           0.0026681,           0.0026681
                 217,            0.052738,            0.080451,            0.029344,             0.60627,              0.4441,             0.46937,             0.24927,            0.051554,            0.053435,            0.020725,           0.0026316,           0.0026316,           0.0026316
                 218,            0.052732,            0.080685,              0.0294,             0.60124,             0.44708,             0.46998,             0.24977,            0.051519,            0.053424,            0.020705,           0.0025954,           0.0025954,           0.0025954
                 219,            0.052712,            0.080432,            0.029429,             0.60481,             0.44552,             0.47036,             0.25014,            0.051509,            0.053413,            0.020686,           0.0025596,           0.0025596,           0.0025596
                 220,            0.052691,            0.080708,            0.029292,             0.60517,             0.44574,             0.47066,             0.25051,             0.05149,              0.0534,            0.020667,           0.0025241,           0.0025241,           0.0025241
                 221,            0.052663,            0.080734,            0.029168,             0.60748,             0.44516,             0.47091,             0.25053,            0.051481,            0.053394,            0.020646,           0.0024889,           0.0024889,           0.0024889
                 222,            0.052563,            0.080321,            0.029221,             0.60015,             0.44891,             0.47097,             0.25085,            0.051467,            0.053377,             0.02063,           0.0024541,           0.0024541,           0.0024541
                 223,             0.05257,              0.0804,            0.029025,             0.59564,             0.45116,             0.47116,             0.25113,            0.051441,            0.053371,            0.020611,           0.0024195,           0.0024195,           0.0024195
                 224,            0.052492,            0.080643,            0.029069,             0.60279,             0.44867,             0.47166,             0.25129,            0.051448,            0.053354,            0.020598,           0.0023854,           0.0023854,           0.0023854
                 225,             0.05246,            0.080256,            0.029052,             0.59948,             0.45095,             0.47196,               0.251,            0.051474,            0.053346,             0.02058,           0.0023515,           0.0023515,           0.0023515
                 226,            0.052458,            0.080177,            0.028994,             0.60397,             0.44837,             0.47227,             0.25124,            0.051472,            0.053335,             0.02056,            0.002318,            0.002318,            0.002318
                 227,            0.052369,            0.080063,            0.028855,             0.60149,             0.44932,             0.47235,             0.25136,             0.05145,            0.053326,            0.020547,           0.0022849,           0.0022849,           0.0022849
                 228,            0.052315,            0.080033,            0.028874,             0.60294,             0.44959,             0.47304,             0.25194,            0.051416,            0.053318,            0.020532,           0.0022521,           0.0022521,           0.0022521
                 229,            0.052343,            0.080327,            0.028856,             0.58476,             0.45336,             0.47326,             0.25226,             0.05139,            0.053308,            0.020522,           0.0022196,           0.0022196,           0.0022196
                 230,            0.052308,            0.079888,            0.028861,             0.61233,              0.4457,             0.47362,             0.25268,            0.051355,            0.053301,            0.020512,           0.0021876,           0.0021876,           0.0021876
                 231,            0.052264,            0.079962,            0.028676,             0.60437,             0.44995,             0.47368,             0.25279,            0.051369,            0.053287,            0.020498,           0.0021558,           0.0021558,           0.0021558
                 232,            0.052197,            0.079939,            0.028728,             0.61416,             0.44528,             0.47398,             0.25275,            0.051381,            0.053275,            0.020484,           0.0021245,           0.0021245,           0.0021245
                 233,            0.052312,            0.080343,            0.028663,             0.58673,             0.45366,             0.47439,             0.25272,            0.051388,            0.053266,            0.020468,           0.0020935,           0.0020935,           0.0020935
                 234,            0.052128,            0.079977,            0.028447,             0.58614,             0.45436,             0.47473,             0.25289,            0.051391,            0.053265,            0.020455,           0.0020629,           0.0020629,           0.0020629
                 235,            0.052084,             0.07971,            0.028546,             0.59216,             0.45169,             0.47532,             0.25347,            0.051369,            0.053262,            0.020439,           0.0020327,           0.0020327,           0.0020327
                 236,            0.052115,            0.080035,            0.028482,             0.59788,             0.44896,             0.47559,             0.25397,            0.051323,            0.053254,            0.020428,           0.0020028,           0.0020028,           0.0020028
                 237,             0.05203,             0.07989,            0.028356,              0.5941,             0.45115,             0.47569,             0.25432,            0.051283,            0.053253,            0.020415,           0.0019734,           0.0019734,           0.0019734
                 238,             0.05203,            0.079955,            0.028429,             0.60331,             0.44691,             0.47586,             0.25433,            0.051265,            0.053252,            0.020397,           0.0019443,           0.0019443,           0.0019443
                 239,            0.052011,            0.079809,            0.028298,             0.60502,             0.44642,             0.47613,             0.25468,            0.051243,            0.053254,            0.020386,           0.0019156,           0.0019156,           0.0019156
                 240,            0.051958,            0.079718,            0.028245,             0.60468,             0.44659,             0.47641,             0.25516,            0.051219,            0.053251,            0.020371,           0.0018873,           0.0018873,           0.0018873
                 241,             0.05192,            0.079869,            0.028231,             0.60282,             0.44819,             0.47692,             0.25555,            0.051187,            0.053242,            0.020361,           0.0018594,           0.0018594,           0.0018594
                 242,            0.051916,            0.079763,            0.028159,              0.5963,             0.45216,             0.47692,             0.25567,            0.051184,            0.053226,            0.020348,           0.0018319,           0.0018319,           0.0018319
                 243,             0.05175,              0.0793,            0.028079,              0.5941,             0.45332,             0.47727,             0.25619,            0.051157,            0.053207,            0.020337,           0.0018048,           0.0018048,           0.0018048
                 244,            0.051839,            0.079694,            0.027979,             0.59448,             0.45337,             0.47758,             0.25651,            0.051145,            0.053193,            0.020328,           0.0017781,           0.0017781,           0.0017781
                 245,            0.051762,            0.079724,            0.028065,             0.60152,             0.44997,             0.47776,              0.2568,             0.05113,            0.053189,            0.020318,           0.0017519,           0.0017519,           0.0017519
                 246,            0.051719,            0.079608,             0.02792,             0.60173,             0.45039,             0.47793,             0.25676,            0.051146,            0.053184,              0.0203,            0.001726,            0.001726,            0.001726
                 247,            0.051694,            0.079254,             0.02788,             0.61319,             0.44515,             0.47812,             0.25689,            0.051139,            0.053182,            0.020284,           0.0017005,           0.0017005,           0.0017005
                 248,             0.05178,            0.079545,            0.027769,             0.60626,             0.44929,              0.4784,             0.25686,            0.051152,             0.05318,            0.020265,           0.0016755,           0.0016755,           0.0016755
                 249,            0.051667,            0.079711,            0.027699,             0.60147,             0.45151,             0.47835,             0.25703,            0.051144,            0.053171,            0.020253,           0.0016509,           0.0016509,           0.0016509
                 250,            0.051655,            0.079429,            0.027715,             0.59491,             0.45511,             0.47854,             0.25728,            0.051134,            0.053172,            0.020235,           0.0016267,           0.0016267,           0.0016267
                 251,            0.051597,            0.079069,            0.027687,             0.60381,             0.45101,              0.4788,              0.2574,            0.051127,            0.053169,            0.020227,           0.0016029,           0.0016029,           0.0016029
                 252,             0.05156,            0.079209,            0.027602,             0.60773,             0.44943,             0.47928,             0.25793,            0.051094,            0.053152,            0.020215,           0.0015795,           0.0015795,           0.0015795
                 253,            0.051543,            0.079328,            0.027598,             0.60514,             0.45097,             0.47973,             0.25794,            0.051094,            0.053136,            0.020199,           0.0015566,           0.0015566,           0.0015566
                 254,            0.051508,            0.079237,            0.027619,             0.60112,             0.45303,             0.47993,             0.25787,            0.051113,            0.053127,            0.020189,           0.0015341,           0.0015341,           0.0015341
                 255,            0.051428,            0.079189,            0.027429,             0.60115,             0.45371,             0.48036,             0.25797,            0.051097,             0.05312,            0.020177,           0.0015121,           0.0015121,           0.0015121
                 256,            0.051477,            0.079255,            0.027422,             0.60145,               0.454,             0.48078,             0.25831,              0.0511,            0.053112,            0.020163,           0.0014905,           0.0014905,           0.0014905
                 257,            0.051401,            0.079268,            0.027313,             0.60573,             0.45195,             0.48106,             0.25839,              0.0511,            0.053106,            0.020148,           0.0014693,           0.0014693,           0.0014693
                 258,            0.051371,            0.079156,            0.027295,             0.61131,             0.44969,             0.48118,             0.25827,            0.051109,            0.053097,            0.020133,           0.0014486,           0.0014486,           0.0014486
                 259,            0.051334,            0.079069,            0.027262,             0.60836,             0.45099,             0.48108,             0.25833,            0.051099,            0.053094,            0.020121,           0.0014283,           0.0014283,           0.0014283
                 260,            0.051288,            0.079061,            0.027307,             0.60634,             0.45256,             0.48124,             0.25859,            0.051082,            0.053093,            0.020108,           0.0014084,           0.0014084,           0.0014084
                 261,            0.051256,            0.078925,            0.027194,             0.60721,             0.45257,              0.4816,             0.25889,            0.051048,             0.05309,            0.020098,            0.001389,            0.001389,            0.001389
                 262,            0.051275,            0.079178,            0.027204,             0.59773,             0.45738,             0.48181,             0.25913,            0.051039,            0.053084,            0.020086,           0.0013701,           0.0013701,           0.0013701
                 263,            0.051254,            0.078855,            0.027151,              0.6002,             0.45584,              0.4819,             0.25934,            0.051036,            0.053075,            0.020079,           0.0013516,           0.0013516,           0.0013516
                 264,            0.051247,            0.079013,            0.027153,             0.60569,             0.45341,             0.48216,             0.25972,            0.051013,            0.053075,            0.020072,           0.0013336,           0.0013336,           0.0013336
                 265,            0.051215,             0.07896,            0.027112,             0.60441,             0.45512,             0.48255,             0.26007,             0.05098,            0.053059,            0.020063,            0.001316,            0.001316,            0.001316
                 266,            0.051141,            0.079018,            0.027121,             0.60108,              0.4573,             0.48257,             0.26025,            0.050964,            0.053052,            0.020054,           0.0012989,           0.0012989,           0.0012989
                 267,            0.051128,             0.07883,            0.027004,             0.61023,             0.45306,             0.48275,             0.26029,            0.050959,            0.053046,             0.02004,           0.0012822,           0.0012822,           0.0012822
                 268,            0.051142,            0.079008,             0.02704,             0.61609,             0.45054,             0.48318,             0.26064,            0.050927,            0.053038,            0.020026,            0.001266,            0.001266,            0.001266
                 269,            0.051092,            0.078917,             0.02688,             0.60702,             0.45478,             0.48343,             0.26088,            0.050902,            0.053028,            0.020011,           0.0012503,           0.0012503,           0.0012503
                 270,            0.051101,            0.078708,            0.026883,             0.61047,             0.45365,             0.48353,             0.26103,            0.050873,            0.053023,            0.019997,            0.001235,            0.001235,            0.001235
                 271,            0.050982,            0.078529,            0.026854,             0.59965,             0.45987,             0.48395,             0.26146,            0.050838,            0.053027,            0.019982,           0.0012202,           0.0012202,           0.0012202
                 272,            0.050973,            0.079118,            0.026771,             0.59525,             0.46231,             0.48396,              0.2615,            0.050828,            0.053028,            0.019971,           0.0012059,           0.0012059,           0.0012059
                 273,            0.050989,            0.078479,            0.026638,              0.6066,             0.45678,             0.48399,              0.2615,            0.050828,            0.053021,            0.019956,           0.0011921,           0.0011921,           0.0011921
                 274,               0.051,            0.078897,            0.026535,             0.60719,             0.45702,             0.48422,             0.26167,            0.050834,            0.053014,            0.019952,           0.0011787,           0.0011787,           0.0011787
                 275,            0.050875,            0.078635,             0.02666,             0.60664,             0.45744,             0.48427,              0.2617,            0.050824,             0.05301,            0.019949,           0.0011658,           0.0011658,           0.0011658
                 276,            0.050948,            0.078767,            0.026677,             0.60591,             0.45735,             0.48455,             0.26206,            0.050793,            0.053004,            0.019942,           0.0011533,           0.0011533,           0.0011533
                 277,             0.05093,            0.078718,            0.026598,             0.60838,             0.45647,             0.48463,             0.26218,            0.050787,            0.053002,            0.019934,           0.0011414,           0.0011414,           0.0011414
                 278,            0.050834,            0.078525,            0.026613,             0.59444,             0.46402,             0.48458,             0.26213,            0.050779,            0.052994,            0.019928,           0.0011299,           0.0011299,           0.0011299
                 279,            0.050813,            0.078419,            0.026577,             0.60764,             0.45702,             0.48472,             0.26244,            0.050751,            0.052991,            0.019922,           0.0011189,           0.0011189,           0.0011189
                 280,            0.050779,            0.078533,            0.026576,             0.59777,             0.46256,             0.48503,             0.26299,            0.050699,             0.05298,             0.01992,           0.0011084,           0.0011084,           0.0011084
                 281,            0.050842,            0.078553,            0.026552,             0.60115,             0.46068,             0.48511,             0.26327,            0.050667,             0.05297,            0.019916,           0.0010983,           0.0010983,           0.0010983
                 282,            0.050794,            0.078773,            0.026436,             0.59349,             0.46533,             0.48537,             0.26355,            0.050637,            0.052965,             0.01991,           0.0010888,           0.0010888,           0.0010888
                 283,             0.05078,            0.078409,            0.026455,             0.61209,             0.45607,              0.4856,             0.26391,            0.050616,            0.052959,            0.019907,           0.0010797,           0.0010797,           0.0010797
                 284,            0.050825,            0.078599,            0.026463,             0.60694,             0.45846,             0.48574,              0.2644,            0.050581,            0.052961,             0.01991,           0.0010711,           0.0010711,           0.0010711
                 285,            0.050783,             0.07839,            0.026403,              0.6155,             0.45437,             0.48563,             0.26433,            0.050594,            0.052957,            0.019917,            0.001063,            0.001063,            0.001063
                 286,            0.050827,            0.078703,            0.026339,             0.62013,             0.45386,             0.48594,             0.26443,            0.050591,            0.052957,            0.019915,           0.0010554,           0.0010554,           0.0010554
                 287,            0.050748,            0.078416,            0.026355,             0.61889,             0.45485,             0.48601,             0.26463,            0.050599,            0.052952,            0.019907,           0.0010483,           0.0010483,           0.0010483
                 288,            0.050734,             0.07827,            0.026439,             0.60594,             0.46247,               0.486,              0.2647,            0.050603,            0.052943,            0.019895,           0.0010416,           0.0010416,           0.0010416
                 289,            0.050723,            0.078555,            0.026394,             0.60502,             0.46236,             0.48625,             0.26502,             0.05058,            0.052935,            0.019886,           0.0010355,           0.0010355,           0.0010355
                 290,            0.050726,            0.078385,            0.026301,             0.61125,             0.45893,             0.48644,             0.26502,            0.050575,            0.052927,            0.019878,           0.0010298,           0.0010298,           0.0010298
                 291,            0.050693,            0.078613,            0.026272,             0.61218,             0.45892,             0.48643,             0.26515,            0.050561,            0.052927,             0.01987,           0.0010247,           0.0010247,           0.0010247
                 292,            0.050668,            0.078506,            0.026352,             0.60661,              0.4621,             0.48668,             0.26539,            0.050565,            0.052921,            0.019868,             0.00102,             0.00102,             0.00102
                 293,             0.05071,            0.078477,            0.026315,             0.60237,             0.46444,             0.48691,             0.26572,            0.050552,            0.052915,            0.019858,           0.0010158,           0.0010158,           0.0010158
                 294,             0.05066,            0.078453,            0.026277,             0.61108,             0.46009,             0.48701,             0.26579,            0.050561,            0.052915,             0.01985,           0.0010121,           0.0010121,           0.0010121
                 295,            0.050686,            0.078164,            0.026337,             0.60202,             0.46485,             0.48715,             0.26564,            0.050576,            0.052921,            0.019848,           0.0010089,           0.0010089,           0.0010089
                 296,             0.05071,            0.078393,            0.026269,             0.61266,             0.45988,             0.48724,             0.26539,            0.050602,            0.052924,            0.019845,           0.0010062,           0.0010062,           0.0010062
                 297,             0.05068,            0.078411,            0.026129,              0.6071,             0.46266,             0.48729,             0.26563,            0.050588,            0.052912,            0.019834,           0.0010039,           0.0010039,           0.0010039
                 298,            0.050661,            0.078152,            0.026187,             0.60216,             0.46338,             0.48714,             0.26545,            0.050603,            0.052918,            0.019834,           0.0010022,           0.0010022,           0.0010022
                 299,            0.050735,            0.078621,            0.026188,             0.60124,             0.46428,             0.48712,             0.26538,            0.050615,            0.052921,            0.019831,            0.001001,            0.001001,            0.001001
